<?xml version="1.0" encoding="UTF-8"?>
<project-private xmlns="http://www.netbeans.org/ns/project-private/1">
    <editor-bookmarks xmlns="http://www.netbeans.org/ns/editor-bookmarks/1"/>
    <editor-bookmarks xmlns="http://www.netbeans.org/ns/editor-bookmarks/2" lastBookmarkId="0"/>
    <open-files xmlns="http://www.netbeans.org/ns/projectui-open-files/2">
        <group>
            <file>file:/D:/c%20drive/Documents/NetBeansProjects/logindemo/src/logdem/ansquery.java</file>
            <file>file:/D:/c%20drive/Documents/NetBeansProjects/logindemo/src/logdem/regcomp.java</file>
            <file>file:/D:/c%20drive/Documents/NetBeansProjects/logindemo/src/logdem/log.java</file>
            <file>file:/D:/c%20drive/Documents/NetBeansProjects/logindemo/src/logdem/DropTables.java</file>
            <file>file:/D:/c%20drive/Documents/NetBeansProjects/logindemo/src/logdem/CreateTables.java</file>
        </group>
    </open-files>
</project-private>
